,iprofile,bodemcode,areaal,ihoofd,isoil1,iz1,isoil2,iz2,isoil3,iz3,isoil4,iz4,isoil5,iz5,isoil6,iz6,isoil7,iz7,isoil8,iz8,isoil9,iz9
1,1010,hVb,14688.23825,1,17,20,17,35,35,70,35,120,0,99999,0,99999,0,99999,0,99999,0,99999
2,1020,ohVb,11878.09122,1,17,8,17,25,35,35,35,70,35,120,0,99999,0,99999,0,99999,0,99999
3,1030,hVs,8279.842195,1,17,15,34,40,34,120,0,99999,0,99999,0,99999,0,99999,0,99999,0,99999
4,1040,hVsc,4184.480613,1,17,15,34,35,34,120,0,99999,0,99999,0,99999,0,99999,0,99999,0,99999
5,1050,hVc,18683.70445,1,17,15,35,30,35,50,35,120,0,99999,0,99999,0,99999,0,99999,0,99999
6,1060,hVk,3155.458227,1,17,20,35,40,35,70,30,120,0,99999,0,99999,0,99999,0,99999,0,99999
7,1070,hVz,14171.2876,1,17,20,35,40,35,80,36,100,20,120,0,99999,0,99999,0,99999,0,99999
8,1071,hVzc,1578.826003,1,17,20,35,40,35,80,36,100,20,120,0,99999,0,99999,0,99999,0,99999
9,1072,hVzx,649.341909,1,17,20,35,40,35,80,36,100,24,120,0,99999,0,99999,0,99999,0,99999
10,1080,aVc,1626.138669,1,16,15,35,60,35,120,0,99999,0,99999,0,99999,0,99999,0,99999,0,99999
11,1090,faVc,333.9602879,1,16,15,35,60,35,120,0,99999,0,99999,0,99999,0,99999,0,99999,0,99999
12,1100,aVz,13742.20359,1,16,20,35,50,35,70,20,120,0,99999,0,99999,0,99999,0,99999,0,99999
13,1110,faVz,5310.601397,1,16,20,35,50,35,70,20,120,0,99999,0,99999,0,99999,0,99999,0,99999
14,1111,faVzt,1154.603019,1,16,20,35,50,35,70,20,90,32,120,0,99999,0,99999,0,99999,0,99999
15,1120,aVp,1282.66028,1,16,20,34,60,20,75,20,90,19,120,0,99999,0,99999,0,99999,0,99999
16,1130,pVb,16115.66328,1,17,7,31,20,31,35,35,70,35,120,0,99999,0,99999,0,99999,0,99999
17,1140,opVb,3688.287658,1,17,10,28,30,35,70,35,120,0,99999,0,99999,0,99999,0,99999,0,99999
18,1150,pVs,7752.473083,1,17,5,31,15,36,30,34,60,34,120,0,99999,0,99999,0,99999,0,99999
19,1160,opVc,2608.718721,1,17,8,28,25,30,35,35,60,35,120,0,99999,0,99999,0,99999,0,99999
20,1170,pVc,13127.68509,1,17,7,30,20,36,35,35,60,35,120,0,99999,0,99999,0,99999,0,99999
21,1180,pVz,3457.934294,1,17,8,17,20,36,35,35,80,19,120,0,99999,0,99999,0,99999,0,99999
22,1190,kVb,10560.5267,1,17,8,31,30,35,60,35,120,0,99999,0,99999,0,99999,0,99999,0,99999
23,1200,kVs,11003.91174,1,17,8,31,30,34,60,34,120,0,99999,0,99999,0,99999,0,99999,0,99999
24,1210,kVsc,3642.877613,1,17,8,31,30,34,60,34,120,0,99999,0,99999,0,99999,0,99999,0,99999
25,1220,kVc,15229.12082,1,17,10,31,35,35,70,35,120,0,99999,0,99999,0,99999,0,99999,0,99999
26,1225,kVc,1818.977106,1,17,10,28,30,35,70,35,120,0,99999,0,99999,0,99999,0,99999,0,99999
27,1230,kVz,8869.215927,1,17,10,31,35,35,80,19,95,19,120,0,99999,0,99999,0,99999,0,99999
28,1235,kVz,16.36000543,1,17,10,28,30,35,80,19,95,19,120,0,99999,0,99999,0,99999,0,99999
29,1240,kVk,3803.738307,1,17,10,31,35,35,70,31,120,0,99999,0,99999,0,99999,0,99999,0,99999
30,1250,zVz,6963.287571,1,2,15,35,40,35,75,20,120,0,99999,0,99999,0,99999,0,99999,0,99999
31,1255,zVz,117.8634325,1,4,25,35,40,35,75,20,120,0,99999,0,99999,0,99999,0,99999,0,99999
32,1260,zVc,1312.180487,1,2,15,35,40,35,120,0,99999,0,99999,0,99999,0,99999,0,99999,0,99999
33,1265,zVc,126.3554272,1,4,25,35,40,35,120,0,99999,0,99999,0,99999,0,99999,0,99999,0,99999
34,1270,zVp,2718.325895,1,2,20,34,75,20,90,19,110,19,120,0,99999,0,99999,0,99999,0,99999
35,1275,AVk-F,37.27272681,1,2,30,36,75,20,90,19,110,19,120,0,99999,0,99999,0,99999,0,99999
36,1281,Vs,19402.45372,1,18,10,34,40,34,120,0,99999,0,99999,0,99999,0,99999,0,99999,0,99999
37,1282,Vs,1433.863277,1,16,10,34,35,34,120,0,99999,0,99999,0,99999,0,99999,0,99999,0,99999
38,1290,Vc,6468.260709,1,18,12,35,45,35,120,0,99999,0,99999,0,99999,0,99999,0,99999,0,99999
39,1300,dVk,2968.056714,1,18,12,35,45,35,70,31,120,0,99999,0,99999,0,99999,0,99999,0,99999
40,1310,Vz,8449.906335,1,16,12,35,35,35,85,20,120,0,99999,0,99999,0,99999,0,99999,0,99999
41,1320,Vp,7070.230039,1,16,12,34,35,34,70,20,80,20,100,20,120,0,99999,0,99999,0,99999
42,1330,iVc,1005.607571,1,15,20,35,45,35,120,0,99999,0,99999,0,99999,0,99999,0,99999,0,99999
43,1340,iVz,8298.973827,1,15,20,35,45,35,70,21,85,20,120,0,99999,0,99999,0,99999,0,99999
44,1350,iVp,3687.634945,1,15,20,34,55,20,70,19,90,19,120,0,99999,0,99999,0,99999,0,99999
45,2010,kWp,8192.798734,2,9,8,9,15,29,30,36,50,22,60,20,80,19,120,0,99999,0,99999
46,2015,kWp,454.2100167,2,9,10,28,30,36,50,22,60,20,80,19,120,0,99999,0,99999,0,99999
47,2020,vWp ,17351.28409,2,15,20,36,35,20,50,20,65,19,90,19,120,0,99999,0,99999,0,99999
48,2030,vWpx,2567.447931,2,15,20,36,35,20,50,20,65,19,90,24,120,0,99999,0,99999,0,99999
49,2040,zWp,17182.95282,2,2,20,36,35,20,60,20,80,19,100,19,120,0,99999,0,99999,0,99999
50,2050,zWpx,3206.791374,2,2,20,36,35,20,60,20,80,19,100,24,120,0,99999,0,99999,0,99999
51,2060,iWp,21902.1923,2,15,20,34,30,34,40,20,50,20,70,20,90,19,120,0,99999,0,99999
52,2070,iWpx,2576.536236,2,15,20,34,30,34,40,20,50,20,70,20,90,24,120,0,99999,0,99999
53,2080,Wo,7170.133432,2,17,20,36,30,30,70,30,120,0,99999,0,99999,0,99999,0,99999,0,99999
54,2081,Wgl,8238.38506,2,17,20,36,30,30,70,30,120,0,99999,0,99999,0,99999,0,99999,0,99999
55,2090,Wol,8404.090404,2,17,15,36,30,30,70,30,120,0,99999,0,99999,0,99999,0,99999,0,99999
56,2110,kWz,8214.711831,2,9,18,29,30,36,60,20,120,0,99999,0,99999,0,99999,0,99999,0,99999
57,2115,kWz,852.3944047,2,9,10,28,30,36,60,20,120,0,99999,0,99999,0,99999,0,99999,0,99999
58,2120,zWz,13403.05834,2,2,20,36,40,21,55,20,120,0,99999,0,99999,0,99999,0,99999,0,99999
59,2121,zWzx,895.7446333,2,2,20,36,40,21,55,20,90,24,120,0,99999,0,99999,0,99999,0,99999
60,2125,zWz,1130.075381,2,2,25,36,40,21,55,20,120,0,99999,0,99999,0,99999,0,99999,0,99999
61,2130,vWz,24566.82778,2,15,20,36,30,25,40,20,120,0,99999,0,99999,0,99999,0,99999,0,99999
62,2131,vWzg,936.6263981,2,15,20,36,30,25,40,20,90,23,120,0,99999,0,99999,0,99999,0,99999
63,2140,vWzx,2381.047636,2,15,20,36,30,25,40,20,80,24,120,0,99999,0,99999,0,99999,0,99999
64,2150,fvWz,1409.242986,2,15,20,36,30,25,45,19,120,0,99999,0,99999,0,99999,0,99999,0,99999
65,2151,fvWzt,1127.7966,2,15,20,36,30,25,45,19,90,25,120,0,99999,0,99999,0,99999,0,99999
66,2160,iWz,13958.31867,2,15,20,36,35,21,50,20,120,0,99999,0,99999,0,99999,0,99999,0,99999
67,9013010,Y21,1240.635311,3,2,25,20,40,20,70,20,120,0,99999,0,99999,0,99999,0,99999,0,99999
68,9023010,Y21,6011.084394,3,2,12,20,35,20,70,20,120,0,99999,0,99999,0,99999,0,99999,0,99999
69,3011,Y21g,2259.874786,3,2,12,20,35,20,70,20,100,23,120,0,99999,0,99999,0,99999,0,99999
70,9013020,Y23,3868.69045,3,3,25,21,40,20,70,20,120,0,99999,0,99999,0,99999,0,99999,0,99999
71,9023020,Y23,2006.88008,3,3,13,21,35,20,70,20,120,0,99999,0,99999,0,99999,0,99999,0,99999
72,3030,gY30,36180.7962,3,5,15,23,35,23,70,23,120,0,99999,0,99999,0,99999,0,99999,0,99999
73,3040,cY21,2648.83107,3,2,25,2,40,20,60,19,80,19,120,0,99999,0,99999,0,99999,0,99999
74,3050,cY23,3627.625818,3,3,25,3,40,21,50,21,75,20,120,0,99999,0,99999,0,99999,0,99999
75,3060,cY23x,2290.854985,3,3,25,3,40,21,50,21,75,21,100,24,120,0,99999,0,99999,0,99999
76,3070,gcY30,2520.460003,3,5,25,5,40,23,55,23,80,23,120,0,99999,0,99999,0,99999,0,99999
77,9014010,Hn21,77748.25189,3,2,25,20,40,20,60,19,120,0,99999,0,99999,0,99999,0,99999,0,99999
78,9034010,Hn21,57354.25644,3,2,15,19,25,19,40,19,60,19,120,0,99999,0,99999,0,99999,0,99999
79,9024010,Hn21,186782.5653,3,2,25,20,40,20,60,19,120,0,99999,0,99999,0,99999,0,99999,0,99999
80,4015,uHn21,517.356693,3,3,25,20,40,20,60,19,120,0,99999,0,99999,0,99999,0,99999,0,99999
81,9024020,Hn21g,5957.100738,3,2,8,19,15,19,30,19,55,19,90,23,120,0,99999,0,99999,0,99999
82,9014020,Hn21g,20659.89781,3,2,25,19,35,19,55,19,90,23,120,0,99999,0,99999,0,99999,0,99999
83,4030,Hn21x,20098.02302,3,2,20,20,40,20,55,20,90,24,120,0,99999,0,99999,0,99999,0,99999
84,4031,Hn21t,8426.538211,3,2,20,20,40,20,50,20,100,32,120,0,99999,0,99999,0,99999,0,99999
85,4040,kHn21,10090.23066,3,8,20,27,35,20,45,19,70,19,120,0,99999,0,99999,0,99999,0,99999
86,4041,kHn21x,1395.100253,3,8,20,27,35,20,45,19,70,19,100,24,120,0,99999,0,99999,0,99999
87,4045,kHn21,2207.333559,3,8,20,27,35,20,45,19,70,19,120,0,99999,0,99999,0,99999,0,99999
88,9014050,Hn23,10606.24424,3,3,25,21,40,21,55,20,120,0,99999,0,99999,0,99999,0,99999,0,99999
89,9034050,Hn23,5907.645086,3,3,8,21,25,21,40,20,120,0,99999,0,99999,0,99999,0,99999,0,99999
90,9024050,Hn23,49912.38748,3,3,20,21,40,21,55,20,120,0,99999,0,99999,0,99999,0,99999,0,99999
91,4060,Hn23g,3349.806947,3,3,20,21,40,21,55,20,110,23,120,0,99999,0,99999,0,99999,0,99999
92,4070,Hn23x,53361.8041,3,3,20,21,40,21,50,20,90,24,120,0,99999,0,99999,0,99999,0,99999
93,4071,Hn23t,6687.258877,3,3,20,21,40,21,50,20,90,32,120,0,99999,0,99999,0,99999,0,99999
94,9024080,Hn30,3149.061105,3,5,8,23,22,23,30,23,40,23,120,0,99999,0,99999,0,99999,0,99999
95,9014080,Hn30,6892.978052,3,5,20,23,45,23,120,0,99999,0,99999,0,99999,0,99999,0,99999,0,99999
96,9014090,cHn21,6185.33902,3,2,25,2,40,19,60,19,75,19,120,0,99999,0,99999,0,99999,0,99999
97,9024090,cHn21,47571.53486,3,2,25,2,40,19,60,19,75,19,120,0,99999,0,99999,0,99999,0,99999
98,4100,cHn21g,4210.122591,3,2,25,2,40,19,55,19,90,23,120,0,99999,0,99999,0,99999,0,99999
99,4110,cHn21x,2205.993093,3,2,25,2,35,20,55,20,70,20,100,24,120,0,99999,0,99999,0,99999
100,4111,cHn21t,958.533503,3,2,25,2,35,19,60,19,75,20,100,32,120,0,99999,0,99999,0,99999
101,9014120,cHn23,3579.362594,3,3,25,3,45,21,60,20,75,20,120,0,99999,0,99999,0,99999,0,99999
102,9024120,cHn23,23966.53086,3,3,25,3,40,21,60,20,75,20,120,0,99999,0,99999,0,99999,0,99999
103,4121,cHn23g,818.7519219,3,3,25,3,45,21,60,20,75,20,105,23,120,0,99999,0,99999,0,99999
104,4130,cHn23x,19279.14608,3,3,25,3,40,21,55,21,85,24,120,0,99999,0,99999,0,99999,0,99999
105,4131,cHn23t,2376.918378,3,3,25,3,40,21,55,21,85,32,120,0,99999,0,99999,0,99999,0,99999
106,4140,Hd21,34912.11636,3,1,8,19,15,19,30,19,50,19,120,0,99999,0,99999,0,99999,0,99999
107,4150,Hd21g,5894.218649,3,1,8,19,15,19,30,19,50,19,80,23,120,0,99999,0,99999,0,99999
108,4160,gHd30,38789.44514,3,5,8,23,15,23,30,23,60,23,120,0,99999,0,99999,0,99999,0,99999
109,4170,cHd21,2762.203737,3,2,25,2,35,20,50,20,65,19,120,0,99999,0,99999,0,99999,0,99999
110,5010,BLd5,1647.801851,5,13,20,32,50,33,80,32,120,0,99999,0,99999,0,99999,0,99999,0,99999
111,5011,BLd5g,865.5269351,5,13,20,32,50,33,80,32,110,23,120,0,99999,0,99999,0,99999,0,99999
112,5020,BLd6,10760.83837,5,14,25,33,40,33,60,33,90,33,120,0,99999,0,99999,0,99999,0,99999
113,5030,BLb6,10405.30799,5,14,20,33,40,33,90,33,120,0,99999,0,99999,0,99999,0,99999,0,99999
114,5040,BKd25,3553.527308,4,8,25,27,40,27,55,28,90,26,120,0,99999,0,99999,0,99999,0,99999
115,8010,EZg21,2106.494038,3,2,15,2,50,2,70,19,120,0,99999,0,99999,0,99999,0,99999,0,99999
116,8012,EZg21w,1317.029611,3,2,15,2,50,16,70,19,120,0,99999,0,99999,0,99999,0,99999,0,99999
117,8016,EZg21,1038.138125,3,1,15,1,55,19,120,0,99999,0,99999,0,99999,0,99999,0,99999,0,99999
118,8020,EZg23,4947.00665,3,3,20,3,50,3,70,21,120,0,99999,0,99999,0,99999,0,99999,0,99999
119,8021,EZg23g,972.7909502,3,3,20,3,50,3,70,20,90,23,120,0,99999,0,99999,0,99999,0,99999
120,8022,EZg23w,1731.74445,3,3,20,3,50,16,70,21,120,0,99999,0,99999,0,99999,0,99999,0,99999
121,8030,bEZ21,6961.704559,3,2,25,2,60,2,75,20,90,19,120,0,99999,0,99999,0,99999,0,99999
122,9018040,bEZ23,6024.402337,3,3,25,3,65,3,80,21,95,21,120,0,99999,0,99999,0,99999,0,99999
123,9028040,bEZ23,15335.33383,3,3,25,3,65,3,80,21,95,21,120,0,99999,0,99999,0,99999,0,99999
124,8041,bEZ23t,784.1142143,3,3,25,3,65,3,80,21,100,32,120,0,99999,0,99999,0,99999,0,99999
125,8050,bEZ30,4356.694154,3,5,25,5,70,23,85,23,120,0,99999,0,99999,0,99999,0,99999,0,99999
126,8060,zEZ21,69863.98697,3,2,25,2,75,2,90,20,105,19,120,0,99999,0,99999,0,99999,0,99999
127,8061,zEZ21t,1289.107656,3,2,25,2,75,2,85,20,100,32,120,0,99999,0,99999,0,99999,0,99999
128,8070,zEZ21g,3147.914699,3,2,25,1,75,19,90,19,105,23,120,0,99999,0,99999,0,99999,0,99999
129,9018090,zEZ23,17415.59714,3,3,25,3,70,3,90,21,110,21,120,0,99999,0,99999,0,99999,0,99999
130,9028090,zEZ23,44261.74806,3,3,25,3,70,3,90,21,110,21,120,0,99999,0,99999,0,99999,0,99999
131,8091,zEZ23g,1341.098552,3,3,25,3,70,2,90,20,110,23,120,0,99999,0,99999,0,99999,0,99999
132,8100,zEZ23x,3833.800735,3,3,25,3,65,20,90,24,120,0,99999,0,99999,0,99999,0,99999,0,99999
133,8101,zEZ23t,4024.523751,3,3,25,3,60,3,75,21,90,32,120,0,99999,0,99999,0,99999,0,99999
134,8110,zEZ30g,4413.9951,3,5,25,5,60,23,90,23,120,0,99999,0,99999,0,99999,0,99999,0,99999
135,8120,EZ50A,6115.6535,3,1,30,1,50,19,120,0,99999,0,99999,0,99999,0,99999,0,99999,0,99999
136,9010,EK19,5560.541978,4,8,30,8,70,25,120,0,99999,0,99999,0,99999,0,99999,0,99999,0,99999
137,9020,EL5,212.3649756,5,13,25,13,60,32,120,0,99999,0,99999,0,99999,0,99999,0,99999,0,99999
138,10010,pZg21,14181.32098,3,2,20,2,30,20,60,19,120,0,99999,0,99999,0,99999,0,99999,0,99999
139,10012,pZg21g,2042.938049,3,2,20,2,30,20,60,19,90,23,120,0,99999,0,99999,0,99999,0,99999
140,10013,pZg21x,906.5381498,3,2,20,2,30,20,60,20,90,24,120,0,99999,0,99999,0,99999,0,99999
141,10014,pZg21w,1186.107822,3,1,20,1,30,19,60,36,100,19,120,0,99999,0,99999,0,99999,0,99999
142,10016,pZg21,2926.601929,3,1,20,1,30,19,120,0,99999,0,99999,0,99999,0,99999,0,99999,0,99999
143,10020,kpZg21,5989.715133,3,8,15,27,35,19,70,19,120,0,99999,0,99999,0,99999,0,99999,0,99999
144,90110030,pZg23,3726.308598,3,3,25,3,30,21,60,20,120,0,99999,0,99999,0,99999,0,99999,0,99999
145,90310030,pZg23,4416.658049,3,3,15,21,30,21,60,19,120,0,99999,0,99999,0,99999,0,99999,0,99999
146,90210030,pZg23,65571.61365,3,3,20,3,30,21,60,20,120,0,99999,0,99999,0,99999,0,99999,0,99999
147,10040,pZg23g,8129.248597,3,3,20,3,30,21,60,20,90,23,120,0,99999,0,99999,0,99999,0,99999
148,10060,pZg23x,9016.318398,3,3,20,3,30,21,80,24,120,0,99999,0,99999,0,99999,0,99999,0,99999
149,10061,pZg23t,9449.683392,3,3,20,21,30,21,50,21,90,32,120,0,99999,0,99999,0,99999,0,99999
150,10070,fpZg23,9759.833263,3,3,15,21,30,21,60,20,120,0,99999,0,99999,0,99999,0,99999,0,99999
151,10071,fpZg23g,2544.679097,3,3,15,21,30,21,60,20,100,23,120,0,99999,0,99999,0,99999,0,99999
152,10072,fpZg23t,1695.009994,3,3,15,21,30,21,90,32,120,0,99999,0,99999,0,99999,0,99999,0,99999
153,10080,kpZg23,14649.74291,3,8,15,28,30,21,60,20,120,0,99999,0,99999,0,99999,0,99999,0,99999
154,10081,kpZg23g,2303.098261,3,8,15,28,30,21,60,20,90,23,120,0,99999,0,99999,0,99999,0,99999
155,10090,fkpZg23,8277.827766,3,8,15,28,30,21,60,20,120,0,99999,0,99999,0,99999,0,99999,0,99999
156,10100,pZg30r,1918.044671,3,5,20,23,35,23,85,28,120,0,99999,0,99999,0,99999,0,99999,0,99999
157,10110,pZn21,32408.96992,3,2,25,20,50,19,120,0,99999,0,99999,0,99999,0,99999,0,99999,0,99999
158,10111,pZn21g,7224.941736,3,2,25,20,40,19,90,23,120,0,99999,0,99999,0,99999,0,99999,0,99999
159,10112,pZn21t,1053.542054,3,2,25,20,40,20,90,32,120,0,99999,0,99999,0,99999,0,99999,0,99999
160,10120,kpZn21,1411.346357,3,8,25,20,40,20,70,19,120,0,99999,0,99999,0,99999,0,99999,0,99999
161,10121,kpZn23x,1105.053075,3,8,20,27,35,21,50,21,90,24,120,0,99999,0,99999,0,99999,0,99999
162,10130,pZn23,27213.70143,3,3,25,21,40,21,120,0,99999,0,99999,0,99999,0,99999,0,99999,0,99999
163,10140,pZn23g,3634.107531,3,3,25,21,40,20,70,23,120,0,99999,0,99999,0,99999,0,99999,0,99999
164,10150,pZn23x,3971.485683,3,3,25,21,50,21,90,24,120,0,99999,0,99999,0,99999,0,99999,0,99999
165,10151,pZn23t,4365.247302,3,3,25,21,50,21,90,32,120,0,99999,0,99999,0,99999,0,99999,0,99999
166,10170,pZn30,2969.594763,3,5,20,23,70,23,120,0,99999,0,99999,0,99999,0,99999,0,99999,0,99999
167,90210186,Zn21,16018.79891,3,1,8,19,40,19,120,0,99999,0,99999,0,99999,0,99999,0,99999,0,99999
168,90110186,Zn21,8180.243777,3,2,20,19,120,0,99999,0,99999,0,99999,0,99999,0,99999,0,99999,0,99999
169,10182,Zn21g,625.2890834,3,1,8,19,40,19,100,23,120,0,99999,0,99999,0,99999,0,99999,0,99999
170,10186,Zn21,5039.488416,3,1,8,19,40,19,120,0,99999,0,99999,0,99999,0,99999,0,99999,0,99999
171,10190,kZn21,6406.271539,3,9,15,28,35,19,120,0,99999,0,99999,0,99999,0,99999,0,99999,0,99999
172,10191,kZn30,904.6928823,3,9,15,28,35,23,120,0,99999,0,99999,0,99999,0,99999,0,99999,0,99999
173,10195,kZn21,93.46748365,3,9,15,28,35,19,120,0,99999,0,99999,0,99999,0,99999,0,99999,0,99999
174,10200,Zn23,9905.146714,3,3,15,21,35,21,60,20,120,0,99999,0,99999,0,99999,0,99999,0,99999
175,10201,Zn23t,1266.038472,3,3,15,21,90,32,120,0,99999,0,99999,0,99999,0,99999,0,99999,0,99999
176,10210,fZn23,3114.232235,3,3,15,21,50,20,90,19,120,0,99999,0,99999,0,99999,0,99999,0,99999
177,10211,fZn21,1196.969954,3,2,15,20,45,20,70,19,120,0,99999,0,99999,0,99999,0,99999,0,99999
178,10220,fkZn23,2618.562409,3,9,15,28,35,21,80,20,120,0,99999,0,99999,0,99999,0,99999,0,99999
179,10221,fkZn21,1031.908147,3,9,15,28,35,19,90,19,120,0,99999,0,99999,0,99999,0,99999,0,99999
180,10230,Zn30,5410.288621,3,5,20,23,30,23,120,0,99999,0,99999,0,99999,0,99999,0,99999,0,99999
181,10240,Zd21,56392.86918,3,1,6,19,10,19,15,19,120,0,99999,0,99999,0,99999,0,99999,0,99999
182,10241,zHd21,1609.850384,3,1,6,19,10,19,15,19,35,19,43,19,55,19,70,19,90,19,120
183,10250,Zd21g,5239.165356,3,1,6,19,10,19,15,19,90,23,120,0,99999,0,99999,0,99999,0,99999
184,10251,zgY30,3011.609974,3,1,6,19,10,19,15,19,30,20,45,20,60,23,90,23,120,0,99999
185,10260,Zd30,7352.356246,3,5,5,23,120,0,99999,0,99999,0,99999,0,99999,0,99999,0,99999,0,99999
186,10270,Zb21,6996.693671,3,2,8,20,30,19,120,0,99999,0,99999,0,99999,0,99999,0,99999,0,99999
187,90110280,Zb23,3999.3219,3,3,20,21,40,21,70,20,120,0,99999,0,99999,0,99999,0,99999,0,99999
188,90210280,Zb23,2772.217316,3,3,8,21,15,21,30,21,70,20,120,0,99999,0,99999,0,99999,0,99999
189,10281,Zb23g,941.6271284,3,3,20,21,40,21,70,20,90,23,120,0,99999,0,99999,0,99999,0,99999
190,10290,Zb30,4054.694984,3,5,20,23,35,23,80,23,120,0,99999,0,99999,0,99999,0,99999,0,99999
191,11010,pZg20A,1618.224526,3,2,20,20,30,19,120,0,99999,0,99999,0,99999,0,99999,0,99999,0,99999
192,11020,Zn10A,3665.550586,3,4,25,22,120,0,99999,0,99999,0,99999,0,99999,0,99999,0,99999,0,99999
193,11021,Zn10Av,1593.21753,3,4,25,22,70,36,120,0,99999,0,99999,0,99999,0,99999,0,99999,0,99999
194,11030,kZn40A,7510.573099,3,8,30,20,40,20,120,0,99999,0,99999,0,99999,0,99999,0,99999,0,99999
195,11031,kZn10A,1963.254417,3,8,30,22,120,0,99999,0,99999,0,99999,0,99999,0,99999,0,99999,0,99999
196,11032,kZn50A,3846.905719,3,8,30,19,120,0,99999,0,99999,0,99999,0,99999,0,99999,0,99999,0,99999
197,90111040,Zn40A,4331.024052,3,2,25,20,40,20,120,0,99999,0,99999,0,99999,0,99999,0,99999,0,99999
198,90211040,Zn40A,5419.364108,3,2,5,20,40,20,120,0,99999,0,99999,0,99999,0,99999,0,99999,0,99999
199,90111050,Zn50A,10471.80349,3,2,25,20,45,19,120,0,99999,0,99999,0,99999,0,99999,0,99999,0,99999
200,90211050,Zn50A,15859.19401,3,1,5,19,50,19,120,0,99999,0,99999,0,99999,0,99999,0,99999,0,99999
201,11051,Zn50Ar,2722.909711,3,3,25,21,45,19,80,27,120,0,99999,0,99999,0,99999,0,99999,0,99999
202,11060,Zn30A,3764.63088,3,23,120,0,99999,0,99999,0,99999,0,99999,0,99999,0,99999,0,99999,0,99999
203,11061,Zn30Ab,888.017165,3,5,5,23,40,23,120,0,99999,0,99999,0,99999,0,99999,0,99999,0,99999
204,11070,Zd20A,16219.23481,3,1,7,19,120,0,99999,0,99999,0,99999,0,99999,0,99999,0,99999,0,99999
205,11071,Zd20Ab,1186.736999,3,1,7,19,40,19,120,0,99999,0,99999,0,99999,0,99999,0,99999,0,99999
206,12010,Sn13A,3563.862909,3,3,25,21,120,0,99999,0,99999,0,99999,0,99999,0,99999,0,99999,0,99999
207,12011,Sn13Av,3042.701728,3,3,25,21,90,36,120,0,99999,0,99999,0,99999,0,99999,0,99999,0,99999
208,12020,kSn13A,3717.701135,3,8,25,27,35,21,120,0,99999,0,99999,0,99999,0,99999,0,99999,0,99999
209,13010,MOo02,4300.179845,4,27,50,26,75,20,120,0,99999,0,99999,0,99999,0,99999,0,99999,0,99999
210,13020,MOo05,3952.87954,4,28,50,27,110,20,120,0,99999,0,99999,0,99999,0,99999,0,99999,0,99999
211,13030,MOb72,2001.73817,4,10,5,29,10,29,40,27,60,20,120,0,99999,0,99999,0,99999,0,99999
212,13040,MOb75,5429.681827,4,10,10,29,35,29,90,27,120,0,99999,0,99999,0,99999,0,99999,0,99999
213,15010,pMv51,1858.539217,4,9,20,28,35,30,70,35,120,0,99999,0,99999,0,99999,0,99999,0,99999
214,15020,pMv81,2357.246795,4,11,25,30,65,35,120,0,99999,0,99999,0,99999,0,99999,0,99999,0,99999
215,15030,pMo50,560.1234249,4,10,20,10,30,29,60,28,120,0,99999,0,99999,0,99999,0,99999,0,99999
216,15040,pMo80,3416.754697,4,11,25,30,55,30,75,29,120,0,99999,0,99999,0,99999,0,99999,0,99999
217,15041,pMo80l,213.3363227,4,11,25,30,40,30,70,30,120,0,99999,0,99999,0,99999,0,99999,0,99999
218,90115050,pMn55A,3856.206822,4,9,35,28,80,27,120,0,99999,0,99999,0,99999,0,99999,0,99999,0,99999
219,90215050,pMn55A,14312.66904,4,9,15,9,35,28,80,27,120,0,99999,0,99999,0,99999,0,99999,0,99999
220,15051,pMn52A,881.5135363,4,8,15,8,35,27,60,19,120,0,99999,0,99999,0,99999,0,99999,0,99999
221,90115060,pMn85A,5645.847224,4,10,25,10,40,30,70,29,120,0,99999,0,99999,0,99999,0,99999,0,99999
222,90215060,pMn85A,13719.90781,4,10,20,10,40,30,70,29,120,0,99999,0,99999,0,99999,0,99999,0,99999
223,15070,pMn86C,8432.716199,4,12,20,12,35,30,60,29,120,0,99999,0,99999,0,99999,0,99999,0,99999
224,15071,pMn86Cw,1490.847367,4,11,25,30,45,36,75,29,100,28,120,0,99999,0,99999,0,99999,0,99999
225,15080,pMn55C,11552.42326,4,9,30,28,70,27,120,0,99999,0,99999,0,99999,0,99999,0,99999,0,99999
226,15090,pMn85C,18839.12216,4,11,25,11,35,30,70,30,110,28,120,0,99999,0,99999,0,99999,0,99999
227,15100,Mv51A,6354.261086,4,27,25,27,40,29,60,35,75,35,120,0,99999,0,99999,0,99999,0,99999
228,15101,eMv61C,1062.879075,4,9,25,29,50,35,65,35,120,0,99999,0,99999,0,99999,0,99999,0,99999
229,15110,Mv81A,2814.550113,4,10,20,29,55,35,65,35,120,0,99999,0,99999,0,99999,0,99999,0,99999
230,15111,eMv41C,2557.43098,4,11,20,30,55,35,70,35,120,0,99999,0,99999,0,99999,0,99999,0,99999
231,15120,Mv61C,7088.889968,4,9,15,28,40,29,60,35,80,35,120,0,99999,0,99999,0,99999,0,99999
232,15130,Mv41C,23238.35908,4,11,8,11,20,30,50,35,70,35,120,0,99999,0,99999,0,99999,0,99999
233,15131,Mv41Cl,1694.075018,4,11,8,12,20,31,50,35,70,35,120,0,99999,0,99999,0,99999,0,99999
234,15132,Mv41Cp,929.1137248,4,11,8,11,20,31,50,35,70,35,110,20,120,0,99999,0,99999,0,99999
235,15140,Mo20A,4274.606752,4,7,10,27,50,27,110,20,120,0,99999,0,99999,0,99999,0,99999,0,99999
236,15160,Mo80A,3542.452663,4,10,15,29,50,29,90,28,120,0,99999,0,99999,0,99999,0,99999,0,99999
237,15170,Mo80C,3465.066323,4,11,10,11,20,30,70,29,100,28,120,0,99999,0,99999,0,99999,0,99999
238,15171,Mo80Cv,1481.568515,4,11,10,11,20,30,40,30,90,35,120,0,99999,0,99999,0,99999,0,99999
239,15180,Mn12A,18070.5711,4,8,25,27,50,26,70,19,120,0,99999,0,99999,0,99999,0,99999,0,99999
240,15190,Mn12Ap,7386.692689,4,8,25,27,40,28,65,19,120,0,99999,0,99999,0,99999,0,99999,0,99999
241,15200,Mn22A,10434.3076,4,9,25,28,50,27,70,19,120,0,99999,0,99999,0,99999,0,99999,0,99999
242,15210,Mn22Ap,4213.339128,4,9,25,28,50,27,65,19,120,0,99999,0,99999,0,99999,0,99999,0,99999
243,15220,Mn82A,12045.04,4,10,25,29,50,27,70,19,120,0,99999,0,99999,0,99999,0,99999,0,99999
244,15230,Mn82Ap,3950.692264,4,10,25,29,40,28,65,19,120,0,99999,0,99999,0,99999,0,99999,0,99999
245,90115240,Mn15A,68707.96843,4,8,25,27,50,26,120,0,99999,0,99999,0,99999,0,99999,0,99999,0,99999
246,90215240,Mn15A,18475.98346,4,8,15,27,25,27,50,28,80,26,120,0,99999,0,99999,0,99999,0,99999
247,15241,Mn15Ap,1790.153245,4,8,15,8,25,27,50,26,90,19,120,0,99999,0,99999,0,99999,0,99999
248,15250,Mn15Av,3788.60148,4,8,25,27,50,26,85,30,105,35,120,0,99999,0,99999,0,99999,0,99999
249,15251,Mn15Aw,1998.59061,4,8,25,27,50,35,80,30,105,30,120,0,99999,0,99999,0,99999,0,99999
250,15260,bMn15A,5358.091113,4,8,25,8,40,27,70,26,120,0,99999,0,99999,0,99999,0,99999,0,99999
251,90115270,Mn25A,70132.40255,4,9,25,28,50,27,120,0,99999,0,99999,0,99999,0,99999,0,99999,0,99999
252,90215270,Mn25A,24980.46082,4,9,15,9,25,28,50,27,120,0,99999,0,99999,0,99999,0,99999,0,99999
253,15280,Mn25Ap,3107.11889,4,9,25,28,50,29,90,19,120,0,99999,0,99999,0,99999,0,99999,0,99999
254,15290,Mn25Av,11931.80606,4,9,10,9,25,28,50,28,105,35,120,0,99999,0,99999,0,99999,0,99999
255,15291,Mn25Aw,1583.772689,4,9,10,9,25,28,50,35,80,29,120,0,99999,0,99999,0,99999,0,99999
256,15300,bMn25A,2028.729442,4,9,25,9,35,28,60,27,120,0,99999,0,99999,0,99999,0,99999,0,99999
257,15310,eMn25A,4938.075856,4,9,25,28,40,29,70,28,120,0,99999,0,99999,0,99999,0,99999,0,99999
258,15311,eMn25Av,486.6399875,4,9,25,28,70,27,110,35,120,0,99999,0,99999,0,99999,0,99999,0,99999
259,90115320,Mn35A,52949.71903,4,10,25,29,40,29,80,27,120,0,99999,0,99999,0,99999,0,99999,0,99999
260,90215320,Mn35A,32000.55878,4,10,10,10,25,29,40,29,80,27,120,0,99999,0,99999,0,99999,0,99999
261,15330,Mn35Ap,8048.770533,4,10,25,29,40,29,70,28,100,19,120,0,99999,0,99999,0,99999,0,99999
262,15340,Mn35Av,24331.80727,4,10,10,10,25,29,70,30,100,35,120,0,99999,0,99999,0,99999,0,99999
263,15350,eMn35A,6757.9082,4,10,25,29,50,29,80,28,120,0,99999,0,99999,0,99999,0,99999,0,99999
264,15351,eMn35Av,1066.914104,4,10,25,29,50,28,80,28,100,36,120,0,99999,0,99999,0,99999,0,99999
265,90115360,Mn45A,18377.51569,4,11,25,30,60,29,90,29,120,0,99999,0,99999,0,99999,0,99999,0,99999
266,90215360,Mn45A,20704.75528,4,11,15,11,25,30,70,29,90,29,120,0,99999,0,99999,0,99999,0,99999
267,15361,Mn45Ap,3692.332838,4,11,15,11,25,30,70,29,90,19,120,0,99999,0,99999,0,99999,0,99999
268,15370,Mn52Cp,2462.090731,4,8,10,8,20,27,40,28,70,19,90,19,120,0,99999,0,99999,0,99999
269,15380,Mn82Cp,1490.758113,4,10,10,10,20,30,40,20,70,20,120,0,99999,0,99999,0,99999,0,99999
270,15381,Mn82Cwp,756.8072224,4,10,10,10,20,30,50,36,75,19,95,19,120,0,99999,0,99999,0,99999
271,15390,Mn56C,3255.816198,4,9,10,9,25,30,70,28,120,0,99999,0,99999,0,99999,0,99999,0,99999
272,15400,Mn86C,5396.075742,4,11,10,11,20,30,80,29,120,0,99999,0,99999,0,99999,0,99999,0,99999
273,15401,Mn86Cl,1105.97474,4,11,25,30,40,30,70,30,110,30,120,0,99999,0,99999,0,99999,0,99999
274,15402,Mn86Cv,10506.12909,4,11,25,31,90,35,110,35,120,0,99999,0,99999,0,99999,0,99999,0,99999
275,15403,Mn86Cwp,989.9608207,4,11,25,31,70,35,100,20,120,0,99999,0,99999,0,99999,0,99999,0,99999
276,90115410,Mn15C,9317.713769,4,8,25,27,50,26,90,21,120,0,99999,0,99999,0,99999,0,99999,0,99999
277,90215410,Mn15C,3790.339409,4,8,10,8,25,27,50,26,120,0,99999,0,99999,0,99999,0,99999,0,99999
278,15411,Mn15Cw,588.1407334,4,8,25,27,60,35,80,30,110,30,120,0,99999,0,99999,0,99999,0,99999
279,15420,bMn15C,7234.467257,4,8,25,8,40,27,80,26,120,0,99999,0,99999,0,99999,0,99999,0,99999
280,90115430,Mn25C,2825.486299,4,9,25,28,50,28,70,28,120,0,99999,0,99999,0,99999,0,99999,0,99999
281,90215430,Mn25C,6251.52252,4,9,10,9,25,28,50,28,70,28,120,0,99999,0,99999,0,99999,0,99999
282,15431,Mn25Cw,634.5037242,4,9,10,9,25,28,60,35,80,30,110,30,120,0,99999,0,99999,0,99999
283,15440,Mn85C,9876.068685,4,11,10,11,20,30,50,30,90,28,120,0,99999,0,99999,0,99999,0,99999
284,15441,Mn85Cv,3451.917481,4,11,15,11,25,30,50,27,90,35,120,0,99999,0,99999,0,99999,0,99999
285,15442,Mn85Cwp,1337.444775,4,11,10,11,25,30,50,29,80,36,100,20,120,0,99999,0,99999,0,99999
286,15450,gMn53C,4549.080866,4,9,20,30,80,27,120,0,99999,0,99999,0,99999,0,99999,0,99999,0,99999
287,15451,gMn52C,716.2414407,4,8,10,8,20,26,70,19,120,0,99999,0,99999,0,99999,0,99999,0,99999
288,15452,gMn58Cv,711.3914293,4,9,10,9,20,29,40,30,90,35,120,0,99999,0,99999,0,99999,0,99999
289,15460,gMn83C,19579.72066,4,11,25,30,60,29,120,0,99999,0,99999,0,99999,0,99999,0,99999,0,99999
290,15461,gMn83Cp,860.809902,4,11,20,30,80,20,120,0,99999,0,99999,0,99999,0,99999,0,99999,0,99999
291,15462,gMn83Cw,1346.643199,4,10,10,10,20,30,60,36,80,30,110,30,120,0,99999,0,99999,0,99999
292,15470,gMn88C,4036.893263,4,11,10,11,20,30,70,31,85,30,120,0,99999,0,99999,0,99999,0,99999
293,15480,gMn88Cv,1889.15426,4,11,10,11,20,30,60,31,75,30,90,35,120,0,99999,0,99999,0,99999
294,15481,gMn88Clv,829.5763575,4,11,10,11,20,30,60,31,90,35,120,0,99999,0,99999,0,99999,0,99999
295,90115490,gMn15C,3388.419092,4,8,25,27,50,26,90,21,120,0,99999,0,99999,0,99999,0,99999,0,99999
296,90215490,gMn15C,3709.52431,4,8,10,8,25,27,50,26,90,21,120,0,99999,0,99999,0,99999,0,99999
297,90115500,gMn25C,2040.876721,4,9,25,28,50,28,70,28,120,0,99999,0,99999,0,99999,0,99999,0,99999
298,90215500,gMn25C,15271.20213,4,9,10,9,25,28,50,28,70,28,120,0,99999,0,99999,0,99999,0,99999
299,15510,gMn85C,9979.353591,4,10,10,10,20,29,60,29,90,28,120,0,99999,0,99999,0,99999,0,99999
300,15520,kMn63C,6312.726544,4,10,10,10,20,29,40,30,80,30,120,0,99999,0,99999,0,99999,0,99999
301,15521,kMn63Cp,1175.856518,4,10,25,29,35,30,80,20,90,20,110,19,120,0,99999,0,99999,0,99999
302,15530,kMn68C,1904.341832,4,10,10,10,20,29,40,30,120,0,99999,0,99999,0,99999,0,99999,0,99999
303,15540,kMn43C,8957.419846,4,11,8,11,20,30,40,30,100,30,120,0,99999,0,99999,0,99999,0,99999
304,15541,kMn43Cp,1277.958949,4,11,8,11,20,30,40,30,90,19,120,0,99999,0,99999,0,99999,0,99999
305,15550,kMn48C,7549.608544,4,11,8,11,20,30,40,30,90,30,120,0,99999,0,99999,0,99999,0,99999
306,15560,kMn48Cv,3119.743912,4,11,8,11,20,30,90,35,120,0,99999,0,99999,0,99999,0,99999,0,99999
307,16010,pRv81,3620.873321,4,11,10,11,20,30,30,31,55,35,120,0,99999,0,99999,0,99999,0,99999
308,16020,pRn59,1272.831275,4,9,10,9,20,28,30,29,70,27,120,0,99999,0,99999,0,99999,0,99999
309,16021,pRn59,1935.959503,4,9,10,9,23,27,70,19,120,0,99999,0,99999,0,99999,0,99999,0,99999
310,16030,pRn86,1923.264044,4,11,15,11,30,30,70,29,120,0,99999,0,99999,0,99999,0,99999,0,99999
311,16040,Rv01C,26173.70178,4,12,8,12,20,31,40,31,60,35,120,0,99999,0,99999,0,99999,0,99999
312,90116050,Rn52A,1084.169651,4,8,25,27,50,20,120,0,99999,0,99999,0,99999,0,99999,0,99999,0,99999
313,90216050,Rn52A,9619.213369,4,8,25,27,50,20,120,0,99999,0,99999,0,99999,0,99999,0,99999,0,99999
314,90116060,Rn66A,285.0024818,4,10,20,29,50,31,90,31,120,0,99999,0,99999,0,99999,0,99999,0,99999
315,90216060,Rn66A,7341.48406,4,10,8,10,20,29,40,31,90,31,120,0,99999,0,99999,0,99999,0,99999
316,16061,Rn66Av,884.7460875,4,10,8,10,20,29,40,31,95,35,120,0,99999,0,99999,0,99999,0,99999
317,16070,Rn46A,2661.390434,4,11,8,11,20,30,45,31,120,0,99999,0,99999,0,99999,0,99999,0,99999
318,90116080,Rn15A,776.7035202,4,8,25,27,70,28,120,0,99999,0,99999,0,99999,0,99999,0,99999,0,99999
319,90216080,Rn15A,5497.866575,4,8,25,27,60,28,120,0,99999,0,99999,0,99999,0,99999,0,99999,0,99999
320,90116090,Rn95A,3190.776734,4,9,25,28,50,29,90,27,120,0,99999,0,99999,0,99999,0,99999,0,99999
321,90216090,Rn95A,23143.72279,4,9,10,9,25,28,50,29,90,27,120,0,99999,0,99999,0,99999,0,99999
322,16110,Rn62C,2535.094232,4,9,10,9,20,28,60,19,120,0,99999,0,99999,0,99999,0,99999,0,99999
323,16111,Rn62Cg,552.7452668,4,9,10,9,20,28,60,19,120,0,99999,0,99999,0,99999,0,99999,0,99999
324,16120,fRn62C,2934.318767,4,9,10,9,20,27,60,20,120,0,99999,0,99999,0,99999,0,99999,0,99999
325,16121,fRn95C,1142.090524,4,9,10,9,20,28,45,28,120,0,99999,0,99999,0,99999,0,99999,0,99999
326,16130,Rn67C,20548.54544,4,10,10,10,20,29,50,31,100,28,120,0,99999,0,99999,0,99999,0,99999
327,16140,Rn62Cp,5927.220775,4,9,10,9,20,28,60,19,90,19,120,0,99999,0,99999,0,99999,0,99999
328,16150,Rn94C,5271.75585,4,10,25,29,55,30,120,0,99999,0,99999,0,99999,0,99999,0,99999,0,99999
329,16160,Rn47C,24803.61541,4,11,8,11,15,30,30,31,80,29,120,0,99999,0,99999,0,99999,0,99999
330,16170,Rn47Cp,4124.142199,4,11,8,11,15,30,85,19,120,0,99999,0,99999,0,99999,0,99999,0,99999
331,16171,Rn47Cwp,1486.546061,4,11,8,11,15,30,70,35,105,19,120,0,99999,0,99999,0,99999,0,99999
332,16180,bRn46C,1363.777005,4,11,20,30,90,29,120,0,99999,0,99999,0,99999,0,99999,0,99999,0,99999
333,16190,Rn44C,19464.83929,4,12,8,12,15,31,50,31,120,0,99999,0,99999,0,99999,0,99999,0,99999
334,16200,Rn44Cv,9647.906581,4,12,8,12,15,31,90,35,120,0,99999,0,99999,0,99999,0,99999,0,99999
335,16201,Rn44Cw,3085.941196,4,12,8,12,15,31,50,36,70,31,120,0,99999,0,99999,0,99999,0,99999
336,90116210,Rn15C,357.1247819,4,8,25,27,45,28,120,0,99999,0,99999,0,99999,0,99999,0,99999,0,99999
337,90216210,Rn15C,3687.336781,4,8,25,27,45,28,120,0,99999,0,99999,0,99999,0,99999,0,99999,0,99999
338,90116220,Rn95C,1970.25134,4,9,25,28,60,29,120,0,99999,0,99999,0,99999,0,99999,0,99999,0,99999
339,90216220,Rn95C,12030.69071,4,9,10,9,25,28,50,29,120,0,99999,0,99999,0,99999,0,99999,0,99999
340,90116230,Rd10A,1374.856032,4,8,25,27,60,26,90,20,120,0,99999,0,99999,0,99999,0,99999,0,99999
341,90216230,Rd10A,11661.38121,4,8,25,27,40,26,90,20,120,0,99999,0,99999,0,99999,0,99999,0,99999
342,90116240,Rd90A,2149.940306,4,9,25,28,60,28,90,20,120,0,99999,0,99999,0,99999,0,99999,0,99999
343,90216240,Rd90A,22447.02404,4,9,25,28,60,28,90,20,120,0,99999,0,99999,0,99999,0,99999,0,99999
344,90116250,Rd10C,959.7792803,4,8,25,27,60,26,90,20,120,0,99999,0,99999,0,99999,0,99999,0,99999
345,90216250,Rd10C,6364.373657,4,8,25,27,60,26,80,20,120,0,99999,0,99999,0,99999,0,99999,0,99999
346,90116260,Rd90C,2223.58199,4,9,25,28,60,29,80,20,120,0,99999,0,99999,0,99999,0,99999,0,99999
347,90216260,Rd90C,10224.05595,4,9,25,28,60,29,80,20,120,0,99999,0,99999,0,99999,0,99999,0,99999
348,17010,KRn1,6271.656486,4,8,20,27,40,28,65,20,120,0,99999,0,99999,0,99999,0,99999,0,99999
349,17020,KRn1g,4298.826407,4,8,20,27,40,28,65,23,120,0,99999,0,99999,0,99999,0,99999,0,99999
350,17030,KRn2,4153.147524,4,9,20,28,40,29,70,20,120,0,99999,0,99999,0,99999,0,99999,0,99999
351,17040,KRn2g,3491.275052,4,9,20,28,40,29,65,23,120,0,99999,0,99999,0,99999,0,99999,0,99999
352,17050,KRn8,2869.004487,4,10,20,29,45,30,70,29,120,0,99999,0,99999,0,99999,0,99999,0,99999
353,17051,KRn8g,833.1361378,4,10,20,29,45,30,70,23,120,0,99999,0,99999,0,99999,0,99999,0,99999
354,17060,KRd1,5741.144151,4,8,25,27,50,27,80,19,120,0,99999,0,99999,0,99999,0,99999,0,99999
355,17061,KRd1g,989.4829454,4,8,25,27,50,27,80,23,120,0,99999,0,99999,0,99999,0,99999,0,99999
356,17070,KRd7,2218.440421,4,9,25,28,45,29,70,29,120,0,99999,0,99999,0,99999,0,99999,0,99999
357,17071,KRd7g,672.7761765,4,9,25,28,45,29,80,23,120,0,99999,0,99999,0,99999,0,99999,0,99999
358,18010,pLn5,3349.171982,5,13,25,32,90,21,120,0,99999,0,99999,0,99999,0,99999,0,99999,0,99999
359,18020,Ln5,3385.492973,5,13,25,32,90,20,120,0,99999,0,99999,0,99999,0,99999,0,99999,0,99999
360,18021,Ln5g,561.1487041,5,13,25,32,70,32,90,23,120,0,99999,0,99999,0,99999,0,99999,0,99999
361,18030,Ld5g,1304.422439,5,13,25,32,90,23,120,0,99999,0,99999,0,99999,0,99999,0,99999,0,99999
362,18031,Ld5,2172.315908,5,13,25,32,70,21,120,0,99999,0,99999,0,99999,0,99999,0,99999,0,99999
363,18040,Ld6,2164.334673,5,14,25,33,60,33,120,0,99999,0,99999,0,99999,0,99999,0,99999,0,99999
364,18041,Ld6g,782.0510562,5,14,25,33,60,33,90,23,120,0,99999,0,99999,0,99999,0,99999,0,99999
365,18050,Ldh6,13151.40069,5,14,25,33,60,33,120,0,99999,0,99999,0,99999,0,99999,0,99999,0,99999
366,22010,KX,6199.980197,5,6,15,24,40,24,120,0,99999,0,99999,0,99999,0,99999,0,99999,0,99999
367,22011,KT,881.3751246,5,9,15,28,40,30,120,0,99999,0,99999,0,99999,0,99999,0,99999,0,99999
368,22020,KK,423.2157417,5,11,25,31,45,31,120,0,99999,0,99999,0,99999,0,99999,0,99999,0,99999
